{
	"camera_id": "NEC10213A2000612",
	"intrinsic_2d_camera": {
		"dist_coefficients": [
			0.0,
			0.0,
			0.0,
			0.0,
			0.0
		],
		"intrinsic": [
			1562.3904382470118,
			1562.3904382470118,
			320.0,
			240.0
		]
	},
	"intrinsic_3d_camera": {
		"dist_coefficients": [
			0.0,
			0.0,
			0.0,
			0.0,
			0.0
		],
		"intrinsic": [
			1562.3904382470118,
			1562.3904382470118,
			320.0,
			240.0
		]
	},
	"intrinsic_cam2d_in_cam3d": [
		0.0,
		0.0,
		0.0,
		1.0,
		0.0,
		0.0,
		0.0
	],
	"modify_time": "2023-12-18T09:44:27"
}