{
	"camera_id": "NEC10213A2000612",
	"intrinsic_2d_camera": {
		"dist_coefficients": [
			0.0,
			0.0,
			0.0,
			0.0,
			0.0
		],
		"intrinsic": [
			231.39903514817374,
			231.39903514817368,
			320.0,
			240.0
		]
	},
	"intrinsic_3d_camera": {
		"dist_coefficients": [
			0.0,
			0.0,
			0.0,
			0.0,
			0.0
		],
		"intrinsic": [
			231.39903514817374,
			231.39903514817368,
			320.0,
			240.0
		]
	},
	"intrinsic_cam2d_in_cam3d": [
		0.0,
		0.0,
		0.0,
		1.0,
		0.0,
		0.0,
		0.0
	],
	"modify_time": "2023-11-22T14:22:38"
}